LINK,TITLE,LOCATION,SALARY,SUMMARY
https://kr.indeed.com/viewjob?jk=120861dc39e392af,연동서비스개발팀 - 웹 프로그래머,Nexon 성남 분당구,,"이를 기반으로 각종 서비스를 개발/제공합니다. 지원자격 - 웹 어플리케이션 개발경력 1년 이상 - C#, Python 중 하나 이상의 언어를 활용하여 개발이 가능하신 분 - DB 및 웹어플리케이션에 대한 기본적인 이해를..."
https://kr.indeed.com/viewjob?jk=40462398c7170442,[기업부설연구소]AI기반 비전시스템 개발 정규직 전문연구원 모집,한국정보공작소 관심기업 대한민국,,"지원자격 경력 1년 이상 undefined 대학교(4년) 우대조건 Python, 미신러닝/딥러닝에 대한 폭넓은 기본지식, 최신 연구논문에 대한 이해... 전공 - 통계학 전공 - 직접 : Python, C++,Tensorflow..."
https://kr.indeed.com/viewjob?jk=1b62babbbf2d717a,경험최적화 - 데이터 사이언티스트/분석가,Nexon 성남 분당구,,피처 탐색 등) - 게임 내 행동 패턴 로그 분석과 패턴 식별 및 이를 통한 서비스 개선 지원자격 - Python을 사용한 데이터 분석 및 모델 개발 경험 - 머신러닝 라이브러리 활용 경험 - 셀프 모티베이션과 원활한...
https://kr.indeed.com/viewjob?jk=687b9e16f739c6bc,데이터 분석 및 컨설팅분야 (경력직),한국정보기술단 과천 과천시,,"데이터 분석 및 컨설팅 분야 ( Python, SAS, 빅데이터) 경력직... 데이터분석|인터넷·IT·통신·모바일·게임>빅데이터·AI(인공지능)> Python|인터넷·IT·통신·모바일·게임>빅데이터·AI(인공지능)>R|인터넷..."
https://kr.indeed.com/viewjob?jk=9ab2041ab3380a21,카카오톡 안티어뷰징을 위한 데이터/백엔드 엔지니어 및 머신러닝 전문가 모...,카카오 4.0 성남 판교역,,"Engineer, Data Scientist 해당 분야에서 활용되는 언어 및 도구를 능숙하게 다룰 수 있는 분( Python, Scala, PyMC, PySpark, Tensorflow 등) 우대 사항 컨테이너 환경에서의..."
https://kr.indeed.com/viewjob?jk=6aebabcddef7f514,Field Application Engineer,Nearfield Instruments 경기도 용인,,"troubleshooting. Preferably to have coding capability (Matlab, Python...etc... data analysis, visualization, and algorithm..."
https://kr.indeed.com/viewjob?jk=1a75ce748c5f24e9,TOAST CAM 임베디드 개발,NHN 4.4 성남 판교역,,"또는 석사 학위 또는 그에 준하는 실무 경험자 (신입 지원가능) - 임베디드 환경에서 영상 처리 경험자 - Python, C++ 개발 경험 - 딥러닝 프레임워크, 컴퓨터 비젼 경험자 - Visual Object..."
https://kr.indeed.com/viewjob?jk=6203061bca6094ec,Data Analyst,뱅크샐러드 서울 영등포구,,"가지신 분 Business Intelligence 시스템 및 비즈니스 리포팅 툴의 활용 능력 프로그래밍 언어( Python/R, etc)를 활용하여 데이터 분석이 가능하신 분 더 나은 데이터 기반 서비스를 만들기 위해 동료들과..."
https://kr.indeed.com/viewjob?jk=65b07465cbe8ffe7,"Student Training in Engineering Program,...",Google 4.3 서울,,"Computer Science or a related field. Programming experience in Java, Python, C... C++. About the job Student Training..."
https://kr.indeed.com/viewjob?jk=b452bb3f08e36cbc,"각 부문별 (디지털, 글로벌AE, BTL, 제작관리) 경력사원",지투알 서울,,"자 - 데이터 분석 툴(Adobe Analytics 또는 Google Analytics) 유경험자 우대 - Python, R, SQL 역량 보유자 우대 - 데이터에 기반한 문제해결 능력 및 통계학적 지식 보유자 우대 - 담당..."
https://kr.indeed.com/viewjob?jk=3af620c30edeb241,테크빌더팀 - 게임서비스 지원 개발자,Nexon 성남 분당구,,"com/NDC2017/sessions/NDC2017_0075.html [운영 환경] - C++, C#, Python - Windows Server, ubuntu - MySQL - AWS 지원자격 - C++, C#..."
https://kr.indeed.com/viewjob?jk=be95b5718905880f,AI/빅데이터/클라우드 분야 (인재 Pool),LG유플러스 3.8 서울,,"의미한 인사이트 발굴 - R, Python, SQL 등 Statistics... 등)의 다양한 솔루션을 활용하여 서비스 개발 경험자 2) Java, Python 등 프로그래밍 개발 경험 보유자 3) Container 기반 서비스..."
https://kr.indeed.com/viewjob?jk=43f8edb38c7888c7,[위메프오] 서버개발자(정규직),위메프 2.8 대한민국,,"데이터베이스 분산설계 및 미들웨어 개발 [자격사항] - 서버 프로그래밍 언어(PHP, Go, C/C++, Python, Java) 중 1개 이상 사용이 가능한 분 - 자료구조, 알고리즘, 분산처리 등 SW관련 기본지식 보유..."
https://kr.indeed.com/viewjob?jk=c71c1fa9e0d43937,악성코드 및 엔드포인트 위협 대응 보안 엔지니어 모집,카카오 4.0 성남 판교역,,"발견하고 개선하고자 하는 능동적인 성격 우대사항 API 활용 SOAR 구성 node.js 프레임워크 경험자 Python/Linux shell script 중급 이상 가능자 필독사항 ※ 카카오 테크 직군의 경우, 개발..."
https://kr.indeed.com/viewjob?jk=0f139e8552caa762,매치메이킹 서버 개발,Nexon 성남 분당구,,"습니다. - AWS ECS - AWS Lambda - Go - Python - Redis 사용자의 몰입도를 높이는 매치메이킹 규칙을 구현합... 원자격 -한 가지 이상의 개발 언어( Python, C++, C#, Go 등..."
https://kr.indeed.com/viewjob?jk=04d685fc70b67d4e,Linux/Python/PHP/MySQL/백엔드 정규직 경력,일루미나리안 용인 보정동,,"보유 - DBMS(MySQL or MariaDB), scripting Language: bash, python, OOP 언어 중 가능자 - Back-End 서버를 개발해 보신 분 [우대사항] - Go(aka GoLang..."
https://kr.indeed.com/viewjob?jk=64cf8c9cf9ab5f98,[진행중] 우리은행 MyDataACT 전문직(데이터 사이언티스트(데이터분...,우리은행 4.5 서울 회현동,,"이터 분석 업무 경력 5년 이상 보유자(관련 서비스 기획, 운영 경력 합산) - 데이터 분석 관련 언어( Python, R 등) 사용 능력 및 분석 결과의 실제 서비스 적용 경험 보유자 - 적극적이고 원만한 커뮤니케이션..."
https://kr.indeed.com/viewjob?jk=9ae3f50263c67ec1,AI/ML 개발 신입(석/박사) 공개채용,LINE Plus corporation 대한민국,,"보유하신 분 Java, Go, Python, Scala, C/C++ 중... 보유하신 분 (21년 9월 이전 학위 취득 또는 취득 예정이신 분) Python 을 자유롭게 사용하여 통계 분석 및 예측 모델링이 가능하신 분 전문연..."
https://kr.indeed.com/viewjob?jk=12aee20d54fbd438,[웹젠] 사내IT인프라(신입/경력),웹젠 성남 분당구,,"Terraform 등 운영 경험이 있는 분 - Powershell, Python, Bash,Batch 작성이 가능한 분 - L2,L3 네트워크 기본... 있는 분 - Powershell, Python, Bash,Batch 작성이..."
https://kr.indeed.com/viewjob?jk=a1d687cd59776360,머신러닝 개발,Nexon 성남 분당구,,모델 개발 - 머신러닝을 위한 솔루션 프로토타이핑 - 머신러닝 파이프라인 설계 및 구축 지원자격 - Python에 숙련된 프로그래밍 능력과 머신러닝 라이브러리 활용 경험 - 머신러닝과 강화학습에 관련된 지식 습득 혹은...
https://kr.indeed.com/viewjob?jk=4196e740747a75cf,데이터 분석 시스템 개발자 정규직,주)씽크풀 서울 영등포구,,통신·모바일·게임>빅데이터·AI(인공지능)>빅데이터|인터넷·IT·통신·모바일·게임>빅데이터·AI(인공지능)> Python|인터넷·IT·통신·모바일·게임>빅데이터·AI(인공지능)>머신러닝|인터넷·IT·통신·모바일·게임>데이터베이...
https://kr.indeed.com/viewjob?jk=5e7dc1196f13b938,"NAVER, LINE 서비스 플랫폼 운영",NIT Service 성남 삼평동,,"유하신 분 - 프로그래밍 언어( python, java, c언어 등) 초급... System, WEB/WAS, DB운영 경험 - 프로그래밍 언어( python, java, c언어 등) 중급 이상 - 국가보훈대상자 및 장애인은..."
https://kr.indeed.com/viewjob?jk=78adfebec3dbf4d0,(주)엘솔루 웹 프로그래머,㈜엘솔루 서울,,그래머>웹개발|인터넷·IT·통신·모바일·게임>웹프로그래머>JAVA|인터넷·IT·통신·모바일·게임>웹프로그래머> Python|경영·인사·총무·사무>경영·기획·전략>경영기획|경영·인사·총무·사무>경영·기획·전략>사업기획|경영·인사...
https://kr.indeed.com/viewjob?jk=c35e9b72a11aa338,[신입/경력] 의료영상/음성인식/생체신호 연구원,뷰노코리아 서울 서초구,,게임>빅데이터·AI(인공지능)>인공지능(AI)|인터넷·IT·통신·모바일·게임>빅데이터·AI(인공지능)>딥러닝|인터넷·IT·통신·모바일·게임>응용프로그래머>C·C++|인터넷·IT·통신·모바일·게임>응용프로그래머> Python
https://kr.indeed.com/viewjob?jk=1806287902a1a36e,[데이터센터] (경력/신입) 카카오 데이터센터 Data Scientist...,카카오 4.0 성남 판교역,,"않고, 기술이 비즈니스 가치로 변모할 수 있는 그 가능성에 집중합니다. 지원자격 필수사항 Go, Python, Scala, Java, C/C++ 중 하나 이상의 언어에 능숙하신 분 SQL 또는 HiveQL에 능숙하신..."
https://kr.indeed.com/viewjob?jk=b2661d357cf26c8f,플랫폼쉴드 시스템 개발,Nexon 성남 분당구,,"IP, 평판 등의 정보) 지원자격 - 전체 개발 경력 3~5년 - Python, Go 개발경력 우대(팀 내부 주 개발 언어가 Go, Python) - 비동기, 병렬처리 프로그래밍 기술 - OS, DB, H/W, 네트워..."
https://kr.indeed.com/viewjob?jk=a1b71860d9732bbc,2021년 하반기 오픈메이트온 백엔드 부문,오픈메이트온 서울 중구,,"양식 지원 아직 커리어에 이력서를 등록하지 않으셨다면!! 상세 이력서 등록하기 지원양식 커리어 온라인 이력서 직무/산업 직무별(직종) 웹프로그래머웹프로그래머, Python 산업별(업종) 솔루션.ASP.소프트웨어 소프트웨어개발"
https://kr.indeed.com/viewjob?jk=a4b72e38fb50bde0,콘텐츠서비스개발- 데이터엔지니어,Nexon 성남 분당구,,"ecosystem 에 대한 이해 - Python, Scala 등의 프로그... 경험이나 운영 경험 - 소프트웨어 빌드 및 배포 자동화 경험 - Python 또는 NodeJS를 활용한 시스템 개발 경험 - 프론트엔드 및 웹..."
https://kr.indeed.com/viewjob?jk=92cd902bbef74c13,Embedded Software Engineer - Connected,GE Appliances 경기도 성남,,"skills with C, C++ and other script languages (i.e. python etc..) Strong knowledge... IOT devices communication protocols..."
https://kr.indeed.com/viewjob?jk=7fdcd7a7457b1e93,데이터 분석,아프리카TV 경기도 성남,,"의 서비스 이용/소비형태/이상현상과 트렌드 변화가 궁금하신 분 - B2C서비스 데이터 분석 직군에서 데이터 핸들링 경험이 있으신 분 - SQL,Excel,R, Python 등을 이용하여 데이터 추출 또는 분석이 가능하신 분"
https://kr.indeed.com/viewjob?jk=f2cc81b0b7a35d5a,응용소프트웨어 개발 경력 정규직,찬컴퍼니 고양 덕양구,,인터넷·IT·통신·모바일·게임>응용프로그래머>C#|인터넷·IT·통신·모바일·게임>응용프로그래머>Windows|인터넷·IT·통신·모바일·게임>응용프로그래머> Python|인터넷·IT·통신·모바일·게임>응용프로그래머>Android
https://kr.indeed.com/viewjob?jk=06a6e700196764b9,[AI R&D] Language AI(NLP) Research 분야 수시...,엔씨소프트 2.7 성남 판교역,,"분 - 통계/Machine Learning에 대한 이해와 활용 능력 및 text 처리 기술에 대한 경험 - Python, Java 등을 이용하여 NLP 기술을 구현 가능한 분 - 최신 기술(논문, 기술문서 등)을 습득하는..."
https://kr.indeed.com/viewjob?jk=fc09bd46b913c048,시스템 엔지니어링,NHN 4.4 성남 판교역,,"운영 경험 보유 - 쉘 스크립트 또는 프로그래밍 개발 스킬 보유 * Bash, PowerShell, Python, JAVA, etc * 운영 자동화/효율화 경험 보유 - 대용량 트래픽 처리를 위한 인프라 설계와 구축..."
https://kr.indeed.com/viewjob?jk=4b31a4ae3ffd862a,각 부문별 신입/경력사원,이지케어텍 서울 중구,,지능(AI)|전자·기계·기술·화학·연구개발>광학·의료장비>AI의료|인터넷·IT·통신·모바일·게임>웹프로그래머> Python|인터넷·IT·통신·모바일·게임>네트워크·서버·보안>정보보안|의료·간호·보건·복지>치료·의료기사>보건의료...
https://kr.indeed.com/viewjob?jk=20b6a088b109c3e8,[웹젠] 보안분석(경력),웹젠 성남 분당구,,분 - 모의해킹 경험이 있는 분 - 침해사고 대응 경험이 있는 분 - Python 개발 능력을 보유한 분 ﻿ 우대사항 - 해킹 대회 입상자 • 기타... 사고 대응 경험이 있는 분 - Python 개발 능력을 보유한 분 ﻿ 우대...
https://kr.indeed.com/viewjob?jk=54e0d08c99dcf507,MI(Market Intelligence)담당 마케팅 전략 경력사원,LG전자 3.8 서울 영등포구,,"AL이상 성적에 대하여 1개 이상 보유 4) 우대 사항 - 통계 분석 및 프로그래밍 언어 역량 보유: R, python, Java, SPSS, Tableau, etc. - 영어 능통 역량: 해외법인과 영어 화상 회의 및 현지..."
https://kr.indeed.com/viewjob?jk=7bf179a290a157b2,경험최적화파트 - 머신러닝 엔지니어,Nexon 성남 분당구,,모델 개발 - 머신러닝을 위한 솔루션 프로토타이핑 - 머신러닝 파이프라인 설계 및 구축 지원자격 - Python에 숙련된 프로그래밍 능력과 머신러닝 라이브러리 활용 경험 - 머신러닝과 강화학습에 관련된 지식 습득 혹은...
https://kr.indeed.com/viewjob?jk=ae9a81acae12950d,Data Scientist 경력인재 - 글로벌 우량대기업,에스에프인촌 서울,,모바일·게임>빅데이터·AI(인공지능)>데이터분석|인터넷·IT·통신·모바일·게임>빅데이터·AI(인공지능)> Python|인터넷·IT·통신·모바일·게임>빅데이터·AI(인공지능)>데이터시각화디자이너|인터넷·IT·통신·모바일·게임...
https://kr.indeed.com/viewjob?jk=b86da88c2546f564,"Software Engineer, University Graduate",Google 4.3 서울,,"languages, including... limited to: Java, C/C++, Python, JavaScript, or Go. Experience working with one or more from..."
https://kr.indeed.com/viewjob?jk=d3e388157ad2a66f,에프앤가이드 - 각 부문 (전문연구요원 포함),에프앤가이드 대한민국,,"이공계열 석사학위 이상 취득(예정)자 - 우대사항 : ㆍ SQL, python, R 개발경험 소유자 디지털금융팀 - 담당업무 : ㆍ마이데이터 및... 문을 이해/구현 가능한 분 ㆍ Python 등의 언어를 이용한 서비스 개발..."
https://kr.indeed.com/viewjob?jk=4cd34228af5013fd,DGIST 2019년 제1차 계약직원 공개채용 공고,대구경북과학기술원 대구 현풍면,,"우수자(SPSS, R 등 통계패키지) 외국어(영어) 구사 능력 우수자 Programming(MATLAB, Python, C/C++ 등) 가능자 · 근무기간 : 2019.3.11.~2020.3.10. ※ 단, 재계약 평가에..."
https://kr.indeed.com/viewjob?jk=df21e3bb5d773616,Python Programmer,Mofac 서울 서초구,,개발 – JAVA 프로그래밍(라이브러리 활용) – Spring 프레임 워크 개발 – Python API 프로그래밍 우대사항 – Python 개발 경험 – Open Source 라이브러리 개발경험 – Web 표준에 대한 경험...
https://kr.indeed.com/viewjob?jk=7420bd6ad89ff63a,미국 법인 보안 담당자,NHN 4.4 성남 판교역,,진행 가능하신 분 - 해외 근무에 결격 사유가 없는 분 - 악성코드 동적/정적 분석 능력 보유 - Python 등 스크립트 개발을 통한 업무 효율화 경험 - Elastic Stack에 대한 이해와 운영 경험 - 클라...
https://kr.indeed.com/viewjob?jk=afe92c03320fe1b3,카카오 광고 서비스 알고리즘 및 시스템 개발,카카오 4.0 성남 판교역,,"함께 하고 싶습니다. 지원자격(공통) 하나 이상의 프로그래밍 언어에 익숙한 분 (C/C++, Java, Python, Go, Scala 등) [알고리즘 개발 업무 관련 지원 경우] 데이터 마이닝 또는 머신러닝 지식/경험이..."
https://kr.indeed.com/viewjob?jk=269f9a96319ef19a,머신러닝 엔지니어 모집,카카오 4.0 성남 판교역,,"델의 성능 검증 및 지속 개선 대규모 로그 데이터 통계 분석을 통한 피쳐 추출 지원자격 #필수사항 Python, Java, C++ 등 언어 중 하나 이상 활용 가능하신 분 TensorFlow/Keras, PyTorch..."
https://kr.indeed.com/viewjob?jk=d17da0baecf05910,데이터 분야 경력,LG CNS 3.7 서울,,"해가 뛰어난 자 - R, Python, SAS, SQL 등 활용 역량 우대사항(해당 내용 중 1개 이상) - ML/DL 경험 인력 우대 - 관련 분야 석사 이상 학위 소지자 우대 - R, Python등 데이터분석 모델링 경험..."
https://kr.indeed.com/viewjob?jk=f5e0e17274219fda,"차량용 Software Test 자동화 개발자(C, C++, Python...",링크제니시스 인천 서구,,"C++, Python) / QA 모집 모집부문 및 자격요건 담당업무 자격요건 인원 [담당업무]차량용 S/W 검증 개발 (C, C++, Python... 통신·모바일·게임>응용프로그래머> Python|인터넷·IT·통신·모바일·게임..."
https://kr.indeed.com/viewjob?jk=47209d0b3b717673,꿈꾸는 개발자 데뷔코스 싹(SSAC) 3기 교육생,재단법인 서울산업진흥원 서울 영등포구,,로그래머>머신러닝(ML)|인터넷·IT·통신·모바일·게임>응용프로그래머> Python|인터넷·IT·통신·모바일·게임>응용프로그래머>증강현실(AR)|인터넷... 통신·모바일·게임>웹프로그래머> Python|인터넷·IT·통신·모바일·게임...
https://kr.indeed.com/viewjob?jk=c39d18040425ef53,PostgreSQL 운영 및 데이터베이스 관리자 모집,카카오 4.0 성남 판교역,,"청하고 잘 이해하는 분 Database 운영 유경험자 ( PostgreSQL 운영 경험이 있으신 분 우대) python, go, bash 등 개발 경험이 있는 분 우대 클라우드 환경의 DB시스템 구축 및 운영 경험이 있는 분..."
https://kr.indeed.com/viewjob?jk=d8a8869ab092f731,데이터 엔지니어 및 사이언티스트,카카오 4.0 성남 판교역,,"등 데이터 엔지니어와 사이언티스트의 업무를 경계 없이 수행하게 됩니다. 지원자격 개발 경력 3년 이상 Python, Scala, Java, C++ 중 하나 이상의 언어에 능통 SQL 또는 HiveQL에 능통 대용량 데이..."
https://kr.indeed.com/viewjob?jk=e0e37aaebc73dde3,지표구축,아프리카TV 경기도 성남,,"대시보드 플랫폼의 활용이 가능하신분 - 새로운 서비스 출시후 모니터링이나 트랜드 확인이 가능하도록 설계나 지원이 가능하신분 - SQL,Excel,R, Python 등을 이용하여 데이터 추출 또는 분석이 가능하신 분"
https://kr.indeed.com/viewjob?jk=ce71ff104d7e911f,"[대기업] 딥러닝(AI) 영상분석(영상인식, 얼굴인식)",비에이블컨설팅그룹 서울,,공지능)>딥러닝|인터넷·IT·통신·모바일·게임>빅데이터·AI(인공지능)> Python|인터넷·IT·통신·모바일·게임>빅데이터·AI(인공지능)>데이터분석... 통신·모바일·게임>응용프로그래머> Python|인터넷·IT·통신·모바일·게임...
https://kr.indeed.com/viewjob?jk=649ccf047c868778,"금융 데이터 분석 엔진, 로보어드바이저 개발자",에스비씨엔 서울 영등포구,,"시스템, 머신러닝, 자연어처리. 패턴분석 - 다음 언어에서 최소 한 가지 이상 능숙자: Java, C++, Python, JavaScript 우대사항 - 석사이상 컴퓨터공학 (Computer Science) 분야 또는..."
https://kr.indeed.com/viewjob?jk=8339b6fce67c485d,"웹,앱 개발자/임베디드개발자/블록체인개발자/서버관리자 정규직",위고컴퍼니 서울 서초구,,인터넷·IT·통신·모바일·게임>응용프로그래머>자바스크립트|인터넷·IT·통신·모바일·게임>응용프로그래머> Python|인터넷·IT·통신·모바일·게임>시스템프로그래머>임베디드(Embedded)|인터넷·IT·통신·모바일·게임>네트워...
https://kr.indeed.com/viewjob?jk=bc1be4ffc953c21a,Quality Engineer 반월공장 (Precursor & Speci...,Merck KGaA Darmstadt Germany 경기도 안산,,"analysis. Background in programming ( Python, Java script, SQL) is preferred... preferred ( Python, Java script, SQL..."
https://kr.indeed.com/viewjob?jk=81bcf60373954683,2021년 하반기 신입사원,비아이매트릭스 서울 강남구,,"후 지원해 주세요. (주)비아이매트릭스_자사양식.docx 지원양식 자사양식 직무/산업 직무별(직종) 웹프로그래머JSP, JAVA, Python 응용프로그래머전산전공, C 산업별(업종) 솔루션.ASP.소프트웨어 소프트웨어개발"
https://kr.indeed.com/viewjob?jk=1bf0770faeb6927a,"SW⑦ - OpenAPI, 클라우드 serverless 개발 전문가",LG전자 3.8 경기도 오산,,"설계 및 개발 경험자 3. 기타 사항 - 언어 : 영어 TS lv.5 이상 - Javascript, python, node.js, react.js, vue.js, MS SQL, Flask, Express, MS Azure..."
https://kr.indeed.com/viewjob?jk=662beff5f293820b,AR/VR SDK 개발자 모집,카카오 4.0 성남 판교역,,"iOS 및 PC/Web 플랫폼향 API 개발 (C++, Java/Kotlin, ObjC/Swift, Python, Javascript) 멀티플랫폼 패키징 및 배포시스템 개발, 유지보수 모바일 최적화 및 플랫폼 이슈 대응..."
https://kr.indeed.com/viewjob?jk=32df0f890a9d577b,"드론솔루션 (아두이노 등 ICT SW, 드론 HW제작, 드론쇼핑몰)",탱고드론 성남 분당구,"연봉 25,000,000원 - 30,000,000원",어개발자|인터넷·IT·통신·모바일·게임>응용프로그래머>C·C++|인터넷·IT·통신·모바일·게임>응용프로그래머> Python|인터넷·IT·통신·모바일·게임>시스템프로그래머>임베디드(Embedded)|인터넷·IT·통신·모바일·게임...
https://kr.indeed.com/viewjob?jk=2444dea9e6f2bb7e,Knowledge AI Research 모집,엔씨소프트 2.7 성남 판교역,,하는 능력 B. 기술 탐색 및 문제해결능력 C. 기반기술에 대한 개발 능력( R/ Python/Java ) 우대사항 1. Python 개발역량 보유 2. 다양한 DB로 부터의 데이터 핸들링 경험 3. AI기술 실제 서비스...
https://kr.indeed.com/viewjob?jk=b71f9a6699193c99,테크빌더팀 웹(프론트/백엔드)개발,Nexon 성남 분당구,,"Ubuntu) - React, Angular, jQuery - Python, Flask, Nginx, ElasticSearch, MySQL 지원... 발해 보신 분 * 백엔드 - Python, Java, C# 중 한 가지..."
https://kr.indeed.com/viewjob?jk=286fbcc174db1fa8,음성인식관련 개발 음성인식 엔진개발 자연어처리 개발,"머신러닝 기술을 기반으로 의료, 금융, 자동차, 헬스케어, 교육 등 다양한 분야의 AI 관... 서울 금천구",,"퓨터 공학 전공 또는 관련 분야의 실무 경험 - 최신 논문을 이해하고 개발 및 개선할 수 있는 능력 - Python, Java, C/C++ 등 프로그래밍 언어 사용 능력 - 4년제 학사 (전산 및 컴퓨터 공학 계열) - 경력..."
https://kr.indeed.com/viewjob?jk=a4015a0d112e9569,프론트엔드 정규직,바이오에이아이 서울 강남구,,"프론트 엔드 구현 - DB 구축 - 신규 기능 개발 및 반영, 지속적인 개선 및 유지 보수 자격 조건 - Python, Django - RDBMS 경험 - UI개발 경험 우대 사항 - 딥러닝에 관심있으신 분 - 단위 테스트..."
https://kr.indeed.com/viewjob?jk=38ba0748fb8d6e74,시스템 엔지니어 (이미지 센서) 주임 ~ 과장,반도체 이미지 센서 기업 경기도 수원,"연봉 45,000,000원 - 55,000,000원",driver 개발 * ASIC 후 BSP support 및 API 개발 [자격요건] * C/C++/ Python 언어 코딩 기술 * ARM/RISCV/MIPS등의 embedded 기반 S/W 개발 경험 및 가능한 자...
https://kr.indeed.com/viewjob?jk=7cb5c3076d1701db,"Staff Field Applications Engineer, Audio",Dolby 서울,,"High level or detailed knowledge of SOC design. C/C++, python coding skills. Knowledge of music, audio/video production..."
https://kr.indeed.com/viewjob?jk=4e07fa4e46af74a9,[신규프로젝트] 차세대 콘솔 TA 모집,엔씨소프트 2.7 성남 판교역,,Shader 제작 Skill - 프로젝트 개발 전반에 걸친 성능 분석(Profiling)Skill - Python등 개발언어 활용 능력 제출서류 포트폴리오 (필수) 전형단계 서류전형 1차 면접 NCTEST 2차 면접 처우협의...
https://kr.indeed.com/viewjob?jk=d2ecaccb26cd4a37,신경망 연구 개발자,에스알유니버스 서울 마포구,"연봉 40,000,000원 - 50,000,000원","신입, 경력(연차무관)학력사항: 대학교(4년)졸업직무기술: 딥러닝, Python, TensorFlow, openCV[우대사항]전공계열: 공학계열... 게임>빅데이터·AI(인공지능)> Python|인터넷·IT·통신·모바일·게임..."
https://kr.indeed.com/viewjob?jk=e8a4630bec0783e8,2021 Market Data Analyst - Seoul,Bloomberg 서울,,"work experience using one more programming language... Python, SQL and R Fluency in Korean and English (both spoken..."
https://kr.indeed.com/viewjob?jk=aae0a3180cb6217e,[대형증권사] IT퀀트 개발자,인코리아 프로페셔널 서울 강남구,,"로세스에 대한 이해학력사항: 대학교(4년)졸업 - 이공계 전공, C#, Python,JavaScript,SQL 사용 가능 우대 0 명 근무조건 고용형태... 통신·모바일·게임>웹프로그래머> Python|인터넷·IT·통신·모바일·게임..."
https://kr.indeed.com/viewjob?jk=2ba9d984a21e03b1,[전문연구요원] R&D 부문 개발자 병역특례,스칼라웍스 서울 금천구,,"Data Analysis (R, SQL 등의 활용 능력 우대)3) Python Application 관련 개발 업무 (코딩 또는 문제해결) 4) ML... 게임>빅데이터·AI(인공지능)> Python|인터넷·IT·통신·모바일·게임..."
https://kr.indeed.com/viewjob?jk=9144817ca6d5abb5,[경기지역 우수중소기업 온라인 박람회],넷믹스 성남 분당구,,인터넷·IT·통신·모바일·게임>응용프로그래머>JAVA|인터넷·IT·통신·모바일·게임>응용프로그래머>C#|인터넷·IT·통신·모바일·게임>응용프로그래머>인공지능(AI)|인터넷·IT·통신·모바일·게임>응용프로그래머> Python
https://kr.indeed.com/viewjob?jk=67e355545eb64735,(주)엘솔루 R&D본부 ASR팀 개발직,㈜엘솔루 서울,,"제공 [필수사항] ㆍ프로그래밍에 재능 및 열정이 있는 자 ㆍJava, Python 중 하나 이상의 언어사용자 ㆍWeb 개발능력 ㆍ리눅스 사용 경험자... 머신러닝(ML)|인터넷·IT·통신·모바일·게임>응용프로그래머> Python"
https://kr.indeed.com/viewjob?jk=5158175feb7b77e8,"경력사원 상시채용(웹/모바일 개발, 인프라/보안)",현대아이티엔이 서울 대치동,,"서버/네트워크 인프라 지식 및 기술 보유자 [우대사항] -웹/앱/인프라 모의해킹 경험자 -프로그램( Python,, C, JAVA) 보안 개발 및 시큐어 코딩 가능자 -End-point 보안 취약점 조치 가능자 -보안..."
https://kr.indeed.com/viewjob?jk=ccd4f5407a32ba6a,Data Scientist,Boston Consulting Group 4.2 서울,,"analysis a plus, Programming... scripting exp.: eg. Python, C#, VBA, Java, Perl, etc. Experience in applied analytics..."
https://kr.indeed.com/viewjob?jk=b1148b4f897d6df0,[AI R&D] 플랫폼 개발 엔지니어 모집,엔씨소프트 2.7 성남 판교역,,"학사 이상 경력기간 : 3년 ~ 필수조건 # 필요 역량 (AI 관련 지식 역량은 필수는 아닙니다.) - Python, Java 등 하나 이상의 프로그래밍 언어에 대한 이해 및 개발 경력을 가지신 분 - RDBMS 또는..."
https://kr.indeed.com/viewjob?jk=1d89fe4b37ab05ed,"데이터마이닝, 빅데이터 큐레이터 외 신입/경력 정규직",에임즈인터내셔널코리아 서울 강남구,,"있거나 이에 준하는 실질적인 기술 경력 -데이터를 다루기 위한 Python 혹은 R 등의 프로그래밍 능력 -SQL의 사용 능력 -데이터를 다루기 위한 Python, R, Java 중 1개의 프로그래밍 능력 -대용량 데이터..."
https://kr.indeed.com/viewjob?jk=d13fce11058e6cf1,보안 모니터링 시스템 개발 및 운영 담당자 모집,카카오 4.0 성남 판교역,,"이터 분석을 위한 SIEM/ETL 플랫폼 개발/운영 지원자격 기본사항 경력 3년 이상 Java, Python 등의 언어로 개발 가능자 기본적인 웹 개발 및 Back-End 개발 가능자 DBMS 혹은 빅데이터(NoSQL..."
https://kr.indeed.com/viewjob?jk=10cd4b539b6f5d21,[kth] 각 분야 경력직,케이티하이텔 서울 동작구,,상품기획·MD>상품MD|인터넷·IT·통신·모바일·게임>빅데이터·AI(인공지능)>하둡(Hadoop)|인터넷·IT·통신·모바일·게임>빅데이터·AI(인공지능)>인공지능(AI)|인터넷·IT·통신·모바일·게임>웹프로그래머> Python
https://kr.indeed.com/viewjob?jk=fc037709d0770796,System SW 엔지니어,딥엑스 성남 분당구,"연봉 40,000,000원 - 100,000,000원",사항: 대학교(4년)졸업 이상 [기본 요구능력] - ASM/C/C++/ Python 언어 코딩 기술 - 운영체제 SW 설계 및 구현 - 알고리즘/네트워... 게임>빅데이터·AI(인공지능)> Python|인터넷·IT·통신·모바일·게임...
https://kr.indeed.com/viewjob?jk=4d62f108017056a2,백엔드개발 인공지능바이오제약코스닥기업,대한민국,,"선과 신규 서비스의 UI, 기능을 설계 및 개발"" ※ 자격조건 - python 개발 경험(기본) - non-sql DB, sql DB 중 1개 이상... 사용 경험 - 풀스택 개발자 - python, C# 동시 사용"" 기타정보..."
https://kr.indeed.com/viewjob?jk=d2ec77080face34b,딥러닝 영상처리 소프트웨어 개발자,지오비전 강원도 춘천,,"이해 - C++ , Python 프로그래밍 가능 - Competition... 요건]- 컴퓨터비전 및 딥러닝 이론에 대한 전반적인 이해- C++ , Python 프로그래밍 가능경력사항: 신입, 경력(연차무관)학력사항: 대학교(4..."
https://kr.indeed.com/viewjob?jk=b4c6146c52b4dc2b,(주)테라젠바이오 데이터과제팀 계약직,테라젠바이오 수원 영통구,,"등 한 가지 이상의 Back-end Framework 경험 - Git 등의 협업 툴 사용 우대사항: - Python 사용 경험 - Linux 숙련자 - 컨테이너(Docker, k8s), 클라우드 경험 0 명 근무조건 고용형태..."
https://kr.indeed.com/viewjob?jk=68a69dd27ac61230,(데이터개발) 데이터 엔지니어,Nexon 성남 분당구,,"끊임없이 흐르는 데이터를 모니터링하고 오류를 감지하는 시스템을 구축 지원자격 - Linux 환경에서 Python, Scala, Java, Go 중 한 가지 이상의 언어로 개발이 가능하신 분 - 자료구조, 알고리즘, 데이터..."
https://kr.indeed.com/viewjob?jk=d243480177ffcf28,AI 엔지니어(ML/DL) 인공지능 데이터 기업,서울 공덕역,,"사용중인 딥러닝 모델의 개선방안 연구 - 시각화 툴을 사용한 효율적인 분석 결과 공유 * 필요 역량 - Python을 이용한 개발 경험 (pytorch, tensorflow, scikit-learn 등) - 문제에 대한..."
https://kr.indeed.com/viewjob?jk=a238d65f69f7243a,웹 개발자,온오프링크 고양 일산동구,"월급 2,500,000원","Browsing - 프레임워크 개발 경험 - DB - Server* Back-end 개발자 - Java, php, python 등 - Linux - REST API 활용 경험자 - DB - Server - CDN 연동 [근무..."
https://kr.indeed.com/viewjob?jk=f1d2a27edc0ed90f,Senior Applications Engineer - Transport...,National Instruments 서울,,"power grid, etc. Text-Based Programming, C++, VB, Java, Python, etc. Experience in developing in RT based microcontrollers..."
https://kr.indeed.com/viewjob?jk=0b05f7fff851371a,게임 런처 개발,Nexon 성남 분당구,,르고 안정적으로 게임을 실행할 수 있도록 함께 고민하고 개발하실 분을 찾습니다. 지원자격 - C++ 혹은 Python 프로그래밍 언어 능숙자 - 비동기 및 병렬처리 프로그래밍 경험 우대사항 - Modern C++ (11...
https://kr.indeed.com/viewjob?jk=318c6841866ac8d5,(주)아이옵스 소프트웨어 개발자,아이옵스 대전 유성구,,"트스트랩, 웹개발, C++, C#, python, java 등 1개 이상의... 우대사항]- 자바스크립트, 부트스트랩, 웹개발, C++, C#, python, java 등 1개 이상의 개발환경 능숙자- Windows, Linux..."
https://kr.indeed.com/viewjob?jk=29fb6625509ce9fb,2021년 상반기 정보보안 엔지니어 - 취약점 파트,인섹시큐리티 서울 금천구,,10에 대한 설명과 구현/조치 가능 - 국내 컴플라이언스 대응 경험 (주요정보통신기반시설 가이드 등) - Python 활용자 - Kali 및 Metasploit 경험자 * 자격요건과 우대사항은 필수가 아닙니다. 0 명 근무조...
https://kr.indeed.com/viewjob?jk=20d40ee61adffeca,챗봇 및 상담 플랫폼 서버 개발자 모집,카카오 4.0 성남 판교역,,"담시스템 코어 서버 개발 (kotlin/spring) QA 시스템 백엔드 서버 개발 (java/spring, python/flask) 챗봇 및 상담 통계 시스템 개발 (scala/spark) 위의 업무 중 하나에 참여하게..."
https://kr.indeed.com/viewjob?jk=d864fe9b25cf37cc,Software Engineer - Robotics,Canonical - Jobs 서울,,similar degree You have in-depth knowledge of C / C++ and Python programming You value soft skills... passionate...
https://kr.indeed.com/viewjob?jk=554d340e7cfd2c42,아이나비 컴퓨터비전/머신러닝 개발 담당 신입 및 경력 모집,팅크웨어(주) 관심기업 코스닥 성남 삼평동,,"영상처리, 3D 그래픽스 관련 경험자 - 영상처리 알고리즘, Object Tracker 경험자 - Python/C++ 개발 경험자 우대사항 - 관련분야 석/박사급 전공자 - 임베디드 프로그램 개발 경험자 - ADAS..."
https://kr.indeed.com/viewjob?jk=6215616a73db9943,게임프로그래머,Nexon 성남 분당구,,"사고 및 알고리즘 구현이 가능하신 분 우대사항 -게임 프로그래밍 기반 지식 ( 수학 / 물리 ) -C#/ Python/MS-SQL 개발 경험 -글로벌 라이브 서비스 경험 기타사항 - 업계 최고 수준의 연봉과 보상, 변화..."
https://kr.indeed.com/viewjob?jk=5b2574aec8e1d083,딥러닝 개발자 정규직,바이오에이아이 서울 강남구,,"라우드 기반 인프라 활용 - 데이터 수집, 전처리, 통합 자격 조건 - 데이터, 딥러닝 분야에 대한 이해 - Python 코딩능력 - 리눅스 사용 경험 우대 사항 - 영어 리딩 능력 - 의약분야 프로젝트 경험 - 플랫폼개발에..."
https://kr.indeed.com/viewjob?jk=62860441de1e2d5f,[Clova] Voice&Avatar 음성합성 및 Avatar 개발 체험...,네이버 서울,,"령화 모델 개발 경험을 보유하고 있는 분 머신러닝을 활용한 서비스 개발 경험을 보유하고 있는 분 C/C++, Python 등 숙련된 개발 능력이 있는 분 전형절차 및 기타사항 1 전형절차 서류전형 > 온라인 코딩테스트 > 1..."
https://kr.indeed.com/viewjob?jk=aac8e9355cb855ac,[인재풀] 아티스트,Electronic Arts 서울,,Maya or 3D Max등의 아트웍 툴 사용 경험 Max script 또는 Mel Script의 사용 경험 C# 또는 Python 언어에 대한 이해 및 활용 능력 아트웍 관련 툴 제작 또는 플러그인 제작 경험
https://kr.indeed.com/viewjob?jk=aa13332a8009c705,Application Engineer Korea,IMS Nanofabrication 경기도 화성,,"You are committing to support the team in challenging situations. Python, Office solutions and Linux experience is beneficial..."
https://kr.indeed.com/viewjob?jk=281a2bdefadcf4f9,[KSTEC] RPA 시스템 개발 경력사원,지식시스템 성남 분당구,,통신·모바일·게임>웹프로그래머>JAVA|인터넷·IT·통신·모바일·게임>웹프로그래머>.NET|인터넷·IT·통신·모바일·게임>웹프로그래머> Python|인터넷·IT·통신·모바일·게임>웹프로그래머>HTML·DHTML·mHTML
https://kr.indeed.com/viewjob?jk=ad07d61c4b37c5cf,[전문연구요원 모집] 딥러링 기반 머신비전 연구개발,(주)트윔 관심기업 성남 삼평동,,"머신비전 알고리즘 연구 및 개발 [자격요건] - 학력 : 석사 이상 - 경력 : 신입 - C++, C# 또는 Python 경험자 - 딥러닝 알고리즘 개발 경험자 [우대사항] - 전기·전자공학 전공 - 소프트웨어공학 전공..."
https://kr.indeed.com/viewjob?jk=b69ea7994e53dba2,[SBS계열사-DMC미디어] 데이터 분석 및 운영관리 신입/경력,디엠씨미디어 서울 강남구,,인공지능)>데이터라벨링|인터넷·IT·통신·모바일·게임>빅데이터·AI(인공지능)>빅데이터|인터넷·IT·통신·모바일·게임>빅데이터·AI(인공지능)>데이터분석|인터넷·IT·통신·모바일·게임>빅데이터·AI(인공지능)> Python
https://kr.indeed.com/viewjob?jk=a79702e8ca6af794,금융 AI 기술 연구 개발자 모집,엔씨소프트 2.7 성남 판교역,,"및 연구/문제 해결 능력 - Python 언어에 능숙하신 분 2. 해당직... Recognition, Data/Text Mining 경험 보유 - Python, SQL 활용 우대사항 - AI 관련 전공자 - 금융 도메인에 대한..."
https://kr.indeed.com/viewjob?jk=63bd0323ac917d78,[아이콘트롤스] 2020년 경력 직원 (기술연구소) 연구개발부문,HDC아이콘트롤스 성남 분당구,,"자격요건>(필수)- 데이터 엔지니어 경력 3년 이상- 프로그램 개발( Python, Java) 능력 보유- 대용량 데이 인터넷·IT·통신·모바일·게임... 통신·모바일·게임>웹프로그래머> Python|인터넷·IT·통신·모바일·게임..."
https://kr.indeed.com/viewjob?jk=666ab6c666031193,(주)엘솔루 서비스기획 관리자,㈜엘솔루 서울,,통신·모바일·게임>웹프로그래머>HTML·DHTML·mHTML|인터넷·IT·통신·모바일·게임>웹프로그래머> Python|재무·회계·경리>세무·회계>회계|재무·회계·경리>세무·회계>전산회계|재무·회계·경리>세무·회계>회계감사
https://kr.indeed.com/viewjob?jk=71c47ac87bb4087e,기술 인턴 인공지능 응용 연구/개발 인턴,써로마인드로보틱스 서울 관악구,,"6개월) (협의) *모집 절차: 서류 à인터뷰(오프라인) *지원 자격: 프로그래밍 언어 활용 능력: Python, C, C++ 중 1가지 이상 데이터구조, 알고리즘 과목 이수 머신러닝과 딥러닝의 기본 개념 이해 머신러닝..."
https://kr.indeed.com/viewjob?jk=f5d0fb3d3241f1ef,Business Data Analyst (Intern),Soomgo 서울 강남구,,"인턴십 종료 후, 정규직으로 전환 시 Full-Time 근무가 가능한 분 • 병역필 또는 면제자 우대사항 • Python, Tableau, R을 사용하여 데이터 분석에 활용 가능 • 경영학, 통계학, 경제학, data..."
https://kr.indeed.com/viewjob?jk=68805cb58da3a7b8,서버/스토리지 운영 담당자 (경력),현대차증권 서울 영등포구,,"스토리지 운영 경력 7년 이상* 우대요건 - 금융회사 서버 인프라 운영 경험자 우대 - 스크립트(Perl, Python), 개발언어(C, Java) 작성 가능자 - 오픈소스, 미들웨어, 데이터베이스 운영 경험자* 공통지원자격..."
https://kr.indeed.com/viewjob?jk=4ec305f59ce64060,게임이상탐지 분석/개발,Nexon 성남 분당구,,"기법 적용에 필요한 프로그래밍 능력 ( Python) - SQL 활용 능력... 대시보드 개발 능력 솔루션 개발자 - 한 가지 이상의 개발 언어( Python, Java, Scala)에 숙련된 프로그래밍 능력 - Linux..."
https://kr.indeed.com/viewjob?jk=0064deb5fa9cbce0,데이터 사이언티스트 모집,카카오 4.0 성남 판교역,,"양한 실험을 통해 알고리즘을 개선합니다. 지원자격 지원자격 하나 이상의 프로그래밍 언어에 익숙한 분( Python, Java, C/C++, Scala 등) 머신러닝/딥러닝 오픈소스를 이용하여 1년 이상 특정 서비스에 모델..."
https://kr.indeed.com/viewjob?jk=97da3b7c36b4fc65,Game AI Research 분야 수시 모집,엔씨소프트 2.7 성남 판교역,,"Vision, Reinforcement Learning, NLP, Optimization, PCG 등 o Python 사용에 능숙한 사람 우대사항 o 상기 세부 R&D분야 관련 학위 소지자 o Deep Learning R..."
https://kr.indeed.com/viewjob?jk=ac9068957c550cb3,데이터 전문가(모델러/분석가/엔지니어) 모집,카카오 4.0 성남 판교역,,대용량 데이터를 효율적으로 사용하기 위한 기반 데이터 가공 지원자격 데이터 사이언스를 위한 언어(R/ Python/Scala) 및 도구(scikit-learn/Spark MLlib/Tensorflow/Pytorch 등)를...
https://kr.indeed.com/viewjob?jk=f5a55624fe53d770,Data Scientist (KOREA),No Deviation Pte Ltd 충청북도 청주,,"data visualization * Experience using tools... SAS JMP, Python, Matlab, KNIME, and SIMCA * Experience with developing..."
https://kr.indeed.com/viewjob?jk=4adac8923476d038,프랭클린템플턴투신운용 Junior Trader (Quant base 필수...,프랭클린템플턴투신 대한민국,,"object-oriented programming and intermediate programming proficiency in Python, R or MATLAB, and SQL are essential. Licenses..."
https://kr.indeed.com/viewjob?jk=e03c3db92d5c1291,"백엔드, 웹개발 경력 정규직 - 스타트업/워라밸/수평문화/연봉최대협의",티에스커리어 안양 동안구,"연봉 40,000,000원 - 50,000,000원","mindhub.aiJob Description◎ 채용제목백엔드 개발자 채용◎ 자격요건- Node.js 또는 python 개발자- React.js, Vue.js, Flask, Django 중 1가지 경험자- REST-API..."
https://kr.indeed.com/viewjob?jk=de8dda97b31b027d,Deep Learning Engineer Intern,Intel 4.1 서울,,optimization strategies Programming skills with Python/C++ Experience working with one or more deep learning frameworks...
https://kr.indeed.com/viewjob?jk=7df915e1f0f86b2d,Software Architecture 설계 엔지니어,딥엑스 성남 분당구,"연봉 40,000,000원 - 100,000,000원",경험 - Windows/Linux 상에서 C++/ Python 언어 사용 개발 경험 - C++ / Python 언어 사용 개발 경험 - 객체지향 설계에... 게임>빅데이터·AI(인공지능)> Python|인터넷·IT·통신·모바일·게임...
https://kr.indeed.com/viewjob?jk=5dbb6f2e6801272f,데이터 분석 및 지표 개발인력 모집,엔씨소프트 2.7 성남 판교역,,"험이 많고, 게임 시스템에 대한 이해가 높으며 서비스 런칭 경험이 있으신 분 - 데이터 분석을 위한 통계툴( Python / R / SAS / SPSS 등) 활용 가능 - 빅데이터 플랫폼(Hadoop / Hive / Spark..."
https://kr.indeed.com/viewjob?jk=87309d3ff40ead61,딥러닝 AI 개발 연구원,베이리스 성남 수정구,,시스템프로그래머>임베디드(Embedded)|인터넷·IT·통신·모바일·게임>응용프로그래머>C·C++|인터넷·IT·통신·모바일·게임>응용프로그래머>Linux|인터넷·IT·통신·모바일·게임>빅데이터·AI(인공지능)> Python
https://kr.indeed.com/viewjob?jk=be6c1f03fa566f8e,추천 시스템 연구/개발,카카오 4.0 성남 판교역,,"분야 석사 또는 박사 학위 소지자 적어도 하나 이상의 능숙한 프로그래밍 언어가 있으신 분 우대사항 Python, C++, GPU 프로그래밍 숙련자 TensorFlow, PyTorch, implicit 등 머신러닝/추천..."
https://kr.indeed.com/viewjob?jk=d83fc0dd2641f483,전문연구요원 (병역특례) 수시 (AI / SW 분야),딥엑스 성남 분당구,"연봉 40,000,000원 - 100,000,000원",요구 능력] - ASM/C/C++/ Python 언어 코딩 기술 - 운영체제... 경험 - Windows/Linux 상에서 C++/ Python 언어 사용 개발 경험 - C++ / Python 언어 사용 개발 경험 - 객체지향 설계에...
https://kr.indeed.com/viewjob?jk=07375dc4e800dfa9,추천 시스템 소프트웨어 엔지니어,카카오 4.0 성남 판교역,,"관련 업무 경험자 우대사항 운영체제, 네트워크, 컴파일러, 데이터베이스에 대한 이해가 깊으신 분 Python, C++, GPU 프로그래밍 숙련자 대용량/실시간 서비스 개발/운영 경험이 많으신 분 ICPC/TopCoder..."
https://kr.indeed.com/viewjob?jk=3f266a9dc0e53215,데이터 엔지니어,녹십자헬스케어 서울 영등포구,,모바일·게임>빅데이터·AI(인공지능)>데이터분석|인터넷·IT·통신·모바일·게임>빅데이터·AI(인공지능)> Python|인터넷·IT·통신·모바일·게임>데이터베이스·DBA>SQL|인터넷·IT·통신·모바일·게임>데이터베이스·DBA...
https://kr.indeed.com/viewjob?jk=75c69093d9d3fd18,하이테크(대졸자 취업연계)과정 (ICT·바이오 분야),한국폴리텍대학분당융합기술교육원 성남 분당구,,로그래머>머신러닝(ML)|인터넷·IT·통신·모바일·게임>응용프로그래머> Python|인터넷·IT·통신·모바일·게임>응용프로그래머>증강현실(AR)|인터넷... 게임>빅데이터·AI(인공지능)> Python|인터넷·IT·통신·모바일·게임...
https://kr.indeed.com/viewjob?jk=c76399cb1df3cf0b,[정보보안] 보안기반 분석 개발 담당 모집,엔씨소프트 2.7 성남 판교역,,"이기종 보안시스템의 운영업무 자동화 개발 지원자격 학력 : 무관 경력기간 : 2년 ~ 10년 필수조건 - Python 프로그래밍 언어로 개발이 가능하며, 오픈소스를 활용한 개발이 가능한 분 - 보안솔루션의 동작 원리와 연동..."
https://kr.indeed.com/viewjob?jk=0deee1a8bddd56d3,ITO/IDC 시스템 운영 경력사원 채용,한화그룹 4.2 서울,,이상 - (필수) Java Language 사용한 Solution 개발 5년 이상 - (필수) Java / Python Language 웹 및 모바일 Service 및 Solution 개발 5년 이상 - OOP/MVC/CBD...
https://kr.indeed.com/viewjob?jk=15edcadd124ad99a,매칭 데이터분석,Nexon 성남 분당구,,"최적화 된 모델을 적용하고 평가합니다. 지원자격 [이런 경험을 가진 파티원을 찾습니다.] - SQL, Python 등의 언어를 통해 데이터를 가공한 경험이 있는 분을 찾습니다. - 문제에 적합한 머신러닝 모델을 선택하고..."
https://kr.indeed.com/viewjob?jk=92e1d9727f79ae4c,[한국자산평가] 인턴 컨설팅부문,한국자산평가 서울 종로구,,인터넷·IT·통신·모바일·게임>응용프로그래머>C·C++|인터넷·IT·통신·모바일·게임>응용프로그래머> Python|인터넷·IT·통신·모바일·게임>네트워크·서버·보안>Windows계열 서버운영·관리|인터넷·IT·통신·모바일·게임...
https://kr.indeed.com/viewjob?jk=23181b6977eeccbe,"딥러닝 솔루션 개발자 (이미지, 자연어, 시계열 데이터)",엔셀 성남 분당구,,모바일·게임>빅데이터·AI(인공지능)>인공지능(AI)|인터넷·IT·통신·모바일·게임>빅데이터·AI(인공지능)> Python|인터넷·IT·통신·모바일·게임>빅데이터·AI(인공지능)>머신러닝|인터넷·IT·통신·모바일·게임>빅데이터...
https://kr.indeed.com/viewjob?jk=20d5edcd971d7643,데이터 분석 기획 담당 모집,엔씨소프트 2.7 성남 판교역,,"우대사항 빅데이터를 통한 Insight 경험 보유자 데이터 분석에 필요한 Tool 가능자 (SQL, R, Python 등) 제출서류 필수 제출서류 없음 전형단계 서류전형 1차 면접 NC TEST 2차 면접 처우협의 입사 도움..."
https://kr.indeed.com/viewjob?jk=2b09f13b5790dd69,2021년 한화시스템 방산부문 프로젝트/기간제 엔지니어 채용(상시),한화그룹 4.2 서울,,분야 경험자 [우대 요건] 무인기 GCS 개발 유경험자 SW시험/분석 도구 개발 유경험자 C/C++/C#/ Python/JAVA 프로그래밍 숙련자 0명 판교 한화인1:1문의하기 활용 지휘통제-SW 계약기간 : 입사 시...
https://kr.indeed.com/viewjob?jk=86ca783906f38dad,[TmaxTibero/기술] DBMS 제품 QA 신입 및 경력,티맥스소프트 성남 분당구,,베이스/ 소프트웨어공학 전공자 - 데이터베이스 연관 3rd Party 제품 기술지원 경험자 - Java/C/ Python/shell 초급 개발자/경험자 - S/W QA 경험자 - CDC 제품 사용 경험자 - Unix/Linux...
https://kr.indeed.com/viewjob?jk=20abdd225641e77a,"Software QA Infotainment Test Engineer,...",Tesla 경기도 성남,,"one or more scripting languages... Perl, Ruby, Python, or Bash Passionate about troubleshooting failures to determine..."
https://kr.indeed.com/viewjob?jk=d330e919051497ab,Data Scientist,Nova Measuring Instruments 경기도 화성,,long periods of time (up to 1 month each time). Programming – python proficient. Machine learning and data science experience...
https://kr.indeed.com/viewjob?jk=cfc7c0bdded5e12a,기업 인공지능(AI) 강사,모두의연구소 대한민국,,"데이터 분석 - 데이터 시각화 - EDA- 머신러닝 기반 예측모델 생성 - 각종 데이터 분석 라이브러리 활용 ( python, pandas, numpy, scipy, matplotlib, seaborn, scikit learn..."
https://kr.indeed.com/viewjob?jk=38ab8a40e6d98979,직원 수시,KIS채권평가 대한민국,,"개발 및 운영 -Django( Python)으로 개발된 시스템 운영 *필요... 버의 관리 경험 - CD/CI에 대한 구성/관리 경험 - VBA, Python 개발 경험 (3) 모집부서: <금융컨설팅본부> *포지션: 경력 *담당..."
https://kr.indeed.com/viewjob?jk=84fd9f9deb6105b0,"웹개발, Python 외 신입/경력 계약직",쿠바로엠앤씨 서울 강서구,,"주식회사 쿠바로엠앤씨 웹개발, Python 외 신입/경력 계약직 채용 모집... 게임>웹프로그래머>웹개발|인터넷·IT·통신·모바일·게임>웹프로그래머> Python|인터넷·IT·통신·모바일·게임>웹프로그래머>백엔드|인터넷·IT·통신..."
https://kr.indeed.com/viewjob?jk=89f3e10d77a126bf,Field Service Engineer,Nearfield Instruments 경기도 용인,,"troubleshooting. Preferably to have coding capability (Matlab, Python...etc... data analysis, visualization, and algorithm..."
https://kr.indeed.com/viewjob?jk=ad436423ab5e3534,Server Engineer (Engineering Foundation),뱅크샐러드 서울 영등포구,,"대한 지식 및 판단을 토대로 뱅크샐러드 적용 가능성 제시 자격 요건 Golang/Java(Kotlin)/ Python 중 하나 이상을 이용한 서비스 설계 및 개발 경험 보유 CS Fundamental (자료 구조, 운영체제..."
https://kr.indeed.com/viewjob?jk=918468d6e12a17e8,네트워크 엔지니어링,NHN 4.4 성남 판교역,,"관리 도구 개발/운영 - 관련학과 졸업 후, 경력 3년 이상 - 리눅스 환경 개발 경력 2년 이상 - Python, Django, Javascript 관련 개발 경험 - CCNA 또는 JNCIA 이상의 자격증 보유..."
https://kr.indeed.com/viewjob?jk=673cf2e2b1d11114,(주)엘솔루 웹 개발자,㈜엘솔루 서울,,Stack 개발 유경험자. Javascript / React / Python / NodeJS 개발 유경험자 Node.js 개발 유경험자 HTML 5... ㆍJavascript / React / Python / 인터넷·IT·통신...
https://kr.indeed.com/viewjob?jk=79304a56b5a6379b,Business Analyst,Numerix 대한민국,,"engineering related research. • Broad working knowledge of Python, Excel (inc. automation skills), Relational DBs, SQL..."
https://kr.indeed.com/viewjob?jk=6cbda3681854bc6e,2021년 정규직 기업부설연구소 개발연구원 [APP 개발],현대에이아이티 충청남도 아산,"연봉 24,000,000원 - 26,000,000원","지원자격 경력 신입·경력 학력 - 성별 무관 기타 담당업무 사용기술 - java, ios, android, python 담당업무 - APP 개발 및 업그레이드 - APP 유지보수 및 성능 최적화 상세모집요강 접수기간/방법..."
https://kr.indeed.com/viewjob?jk=a38c881248da7e5e,[취업연계] 파이썬 활용 빅데이터 분석 전문가 양성과정 훈련생,한국산업기술협회 서울 금천구,,게임>빅데이터·AI(인공지능)> Python|인터넷·IT·통신·모바일·게임... 응용프로그래머> Python|인터넷·IT·통신·모바일·게임>웹프로그래머>JAVA|인터넷·IT·통신·모바일·게임>웹프로그래머> Python|전자·기계·기술...
https://kr.indeed.com/viewjob?jk=1fe01b4bf7aa32e3,데이터 엔지니어,RIDI Corp 서울,,"에서의 데이터 파이프라인 구축 및 운영 경험 GA, Tableau 등 외부 분석/시각화 도구에 대한 지식 Python, Java, Scala 중 하나 이상을 이용한 개발 경험 추가 정보 지원 서류 안내 제출서류 : 이력..."
https://kr.indeed.com/viewjob?jk=dad6c53a2348acc5,연구소 개발부문 연구원 직원 (회로설계/하드웨어설계/머신비전/이미지프로세...,모든 경기도 광명,"연봉 42,000,000원 - 46,000,000원","프로그래밍 가능자 우대S/W 설계 부문 : - OPEN CV, TENSORFLOW, YOLO, CUDA/ Python, C++, C WindowsGUL APL, MFC Lib 활용 가능자. 머신비전/ 영상처리 개발자* 전기..."
https://kr.indeed.com/viewjob?jk=eaee1538d8cc832f,메시지발송 플랫폼 개발자,Nexon 성남 분당구,,"개발 가능하면서 python 개발 경험 소유자(또는 Python 개발 가능... NET 또는 python 개발 경력 5년이상 - 자동화를 위한 스크립트(powershell, bash, python 등) 경험 - Windows..."
https://kr.indeed.com/viewjob?jk=2def0951d12ac6d7,Korean Computational Linguist - AI (Natu...,MIND AI INC 서울 • 원격 근무,"연봉 50,000,000원","relation frameworks * Experience in programming in Perl, Python, or another scripting language * Experience in using grammars..."
https://kr.indeed.com/viewjob?jk=4741d262468f19da,[KSTEC] RPA 시스템 개발 신입사원,지식시스템 성남 분당구,,통신·모바일·게임>웹프로그래머>JAVA|인터넷·IT·통신·모바일·게임>웹프로그래머>.NET|인터넷·IT·통신·모바일·게임>웹프로그래머> Python|인터넷·IT·통신·모바일·게임>웹프로그래머>HTML·DHTML·mHTML
https://kr.indeed.com/viewjob?jk=0e8c9121e92a0c74,"웹개발 경력자 (Python Django, 연봉 4,500~8,000만원...",미라클핀테크 서울 서초구,"연봉 45,000,000원 - 80,000,000원","1) 전자 관련 학과, 정보통신 관련 학과, 정보보호 또는 정보처리기술 관련 학과 2) 경력 4년 이상 인터넷·IT·통신·모바일·게임>웹프로그래머>백엔드"
https://kr.indeed.com/viewjob?jk=a0dda478567db352,"(주)트윔 개발자(경력직) 빅데이터,영상처리,머신비전/AI 딥러닝",트윔 경기도 화성,,"자기주도적으로 진행한 경험 - Python/C/C++ 능통자 - 데이터... RNN 등 딥러닝 이론 및 알고리즘 유경험자 - C/C++, Java, Python/TensorFlow/Caffe 사용가능자 - Matlab/R 분석..."
https://kr.indeed.com/viewjob?jk=f39f8695610d4d2f,Virtual Robotics Simulation Engineer,LG전자 3.8 서울 서초구,,"C/C++, Software Design, Debugging Skills - 스크립트 언어 개발 경험 ( Python, Bash, etc) 3. 우대사항 - ROS2 환경 개발 경험 - Unreal Engine, Unity..."
https://kr.indeed.com/viewjob?jk=f4d96f5a251c3a02,전장부품사업부 신입(석사)/경력사원,LG이노텍 4.1 서울 마곡역,,"컴퓨터/소프트웨어공학 전공자 (신입은 석사, 경력은 학사 이상 학위 소지자) - C/C++/MFC, Python, Matlab 프로그램 가능자 - 영상/신호처리/ISP개발 유경험자 - Business 영어회화 가능자..."
https://kr.indeed.com/viewjob?jk=efec71e8e5ec12ce,"연구, 연구관리 신입/경력 계약직",한국원자력의학원 2.5 서울 노원구,"연봉 40,000,000원 - 50,000,000원",인터넷·IT·통신·모바일·게임>응용프로그래머>머신러닝(ML)|인터넷·IT·통신·모바일·게임>응용프로그래머> Python|인터넷·IT·통신·모바일·게임>응용프로그래머>증강현실(AR)|인터넷·IT·통신·모바일·게임>응용프로그래머...
https://kr.indeed.com/viewjob?jk=9acc17c535b42959,2021년 (신입) 전문연구요원 모집,NHN 4.4 성남 판교역,,"병역특례 전문연구요원 - Python/C++/Java/C# 개발 경험... 유연한 사고와 원활한 커뮤니케이션 능력 우대 - C/C++, Python 등 개발 숙련자 우대 공통지원자격(필수) - 해당 분야 석사 이상..."
https://kr.indeed.com/viewjob?jk=06d133676285b02e,보안 분야,NHN 4.4 성남 판교역,,"계층별/영역별 취약점에 대한 충분한 이해 - CVE 보안취약점 분석 및 대응 역량 - C, Java, Python 등을 통한 업무 자동화 및 분석도구 개발 경험 - 리버스 엔지니어링에 능숙하거나 다수의 버그바운티 참여..."
https://kr.indeed.com/viewjob?jk=75f87cec1b70b050,인공지능 연계형 인턴,LG전자 3.8 서울 서초구,,"machine learning frameworks... TensorFlow, PyTorch, Python, etc. - Knowledge of data processing, Statistics/Probability..."
https://kr.indeed.com/viewjob?jk=764c34063040edd1,Machine Learning Engineer (LINE TIMELINE...,LINE 3.8 대한민국,,"사용자 임베딩을 생성하여 추천에 활용합니다. Jupyter 환경에서 Python, Spark, Pyspark 등을 활용하여 데이터 분석하고 모델링... 대용량 데이터 처리 프레임워크와 Python, SQL 등의 언어를 능숙하게..."
https://kr.indeed.com/viewjob?jk=dfb20fa220f3c478,"빅데이터, 인공지능(AI) 외 신입/경력 인턴",스칼라웍스 대한민국,,인공지능)>인공지능(AI)|인터넷·IT·통신·모바일·게임>빅데이터·AI(인공지능)>데이터분석|인터넷·IT·통신·모바일·게임>빅데이터·AI(인공지능)> Python|인터넷·IT·통신·모바일·게임>빅데이터·AI(인공지능)>딥러닝
https://kr.indeed.com/viewjob?jk=55584c627df1acaa,데이터 분석가/사이언티스트(신입/인턴 가능),쏘카 제주도 제주,,"Sheet) 등 데이터 분석 도구를 원활히 다루시거나, 앞으로 원활히 다루고자 하는 의지가 높으신 분 • Python, R 등의 프로그래밍 언어 혹은 데이터 분석 언어를 1개 이상 능숙하게 사용 가능하신 분 전형절차 서류..."
https://kr.indeed.com/viewjob?jk=69d4b3c59c01a15d,Social Media Data Analyst,LINE 3.8 대한민국,,경력이 있으신 분 주체적으로 도메인 업무를 분석하여 정리하는 데 익숙하신 분 데이터 분석 및 추출을 위한 Python 언어를 사용할 수 있으신 분 긍정적으로 다른 분야의 팀과 작업 및 협업할 수 있으신 분 관계형 DB의 사용...
https://kr.indeed.com/viewjob?jk=d9bef59d503311a2,방과후 과정반 강사,신목중학교 서울 양천구,,"방과후 과정반 강사님을 모십니다. 1. 모집 분야 및 인원 : C 프로그래밍, Python 프로그래밍,기타, 바이올린, 과학 2. 지도기간: 2021.07.15. - 2021.07.30. 3. 서류 접수기간 : 2021.06..."
https://kr.indeed.com/viewjob?jk=2c3b43a0a590b49c,[전액국비무료] AI 기술 자연어 처리 전문가 양성과정 1기,구름 성남 분당구,,통신·모바일·게임>빅데이터·AI(인공지능)>데이터분석|인터넷·IT·통신·모바일·게임>빅데이터·AI(인공지능)> Python|인터넷·IT·통신·모바일·게임>빅데이터·AI(인공지능)>머신러닝|인터넷·IT·통신·모바일·게임>빅데이터...
https://kr.indeed.com/viewjob?jk=864be0963e8989bd,"소프트웨어, Python 경력 정규직",이노반트테크놀로지스 서울 강남구,,자유롭게 연락을 주시면 더 자세한 정보를 드리도록 하겠습니다. Job description은 인터넷·IT·통신·모바일·게임>소프트웨어·하드웨어>소프트웨어|인터넷·IT·통신·모바일·게임>빅데이터·AI(인공지능)> Python
https://kr.indeed.com/viewjob?jk=fa0c5ae0f1dce736,2021년 7월 경력사원 (생산/공정/기반/설비기술 등),LG에너지솔루션 청주 오창읍,,"운영 및 공정 레시피 관리 필수사항 - 통계적 Data 분석 능력 - Python, R 등 프로그래밍 활용 능력 우대사항 - 석/박사 학위 - 외국어... PJT 수행 경험 - R, Python, Keras, C# 등 Tool..."
https://kr.indeed.com/viewjob?jk=9941b739641f430e,"정보시스템, Python 외 경력 정규직",디사인한국연락사무소 경기도 부천,"연봉 40,000,000원 - 50,000,000원",인터넷·IT·통신·모바일·게임>네트워크·서버·보안>정보시스템|인터넷·IT·통신·모바일·게임>응용프로그래머> Python|인터넷·IT·통신·모바일·게임>응용프로그래머>인공지능(AI)|인터넷·IT·통신·모바일·게임>응용프로그래머...
https://kr.indeed.com/viewjob?jk=78e99625e5de3c95,전문연구요원 (병역특례) 수시 (AI / HW 분야),딥엑스 성남 분당구,"연봉 40,000,000원 - 100,000,000원","모델의 RTL IP 설계 및 IP 검증 가능자 - Language: Python/Perl, C/C++ [우대 조건] - ARM based SoC 설계... Linux, shell, tcl, python, perl 사용 원활..."
https://kr.indeed.com/viewjob?jk=970b39a3e7de61d6,IT기획 경력사원,S&I Corp. 서울 강서구,,"5년 이상 (IT기획, 프로젝트 PM/PL, 개발경력 등) - 자격 : 컴퓨터 언어 활용능력 보유 (JAVA, PYTHON) : 데이터베이스(RDBMS) 활용능력 보유 - 우대사항 : IT 예산(HW,SW,인건비) 수립 경험..."
https://kr.indeed.com/viewjob?jk=6ede042ebe53ba49,RTL 기반 HW IP 설계 엔지니어 (딥러닝 하드웨어 프로세서 개발),딥엑스 성남 분당구,"연봉 40,000,000원 - 100,000,000원","모델의 RTL IP 설계 및 IP 검증 가능자 - Language: Python/Perl, C/C++ [우대 조건] - ARM based SoC 설계... 검증 가능자 - Language: Python/Perl, C/C++ [우대..."
https://kr.indeed.com/viewjob?jk=3a90a11a63c24f8f,[신입 / 경력] LabVIEW / Python 기반 SW 개발자,펜타로직 경기도 의왕,"연봉 30,000,000원 - 45,000,000원",직무내용] - 산업 설비 자동화 및 계측 자동화 시스템 설계- LabVIEW 기반 SW 개발- Python 기반 SW 개발 [근무시간 및 형태] 주 5일 근무 (오전) 9시 30분 ~ (오후) 6시 30분 주소정근로시간...
https://kr.indeed.com/viewjob?jk=100cb32e95d18fc1,[대형증권사] IT보안,인코리아 프로페셔널 서울 강남구,,"기획 운영 - 인증서비스 마케팅 - 신원확인업무 기획 학력사항: 대학교(4년)졸업 -이공계 전공, C#, Python,JavaScript,SQL 사용 가능 우대 0 명 근무조건 고용형태: 정규직급여조건: 연봉 협의 후 결정..."
https://kr.indeed.com/viewjob?jk=2b2dcd3ffe3d53df,카카오 데이터의 가치를 발굴할 데이터 분석가 모집,카카오 4.0 성남 판교역,,"기술 통계량 이해 및 해석) 데이터 분석 업무를 수행할 수 있는 언어 스킬 필수 SQL 필수 R 또는 Python을 다룰 수 있는 분 (SAS, SPSS, GA, tableau 등 통계 툴만 사용 가능한 경우 제외) 하둡..."
https://kr.indeed.com/viewjob?jk=14d562d10c215572,"PHP, Python 신입/경력 정규직",비즈부스터 서울 금천구,,"주식회사 비즈부스터 PHP, Python 개발자 채용 모집부문 및 자격요건 담당업무 자격요건 인원 [담당업무]*당사의 서비스(비즈탑) 솔루션 및 서비... 프로그래머>PHP |인터넷·IT·통신·모바일·게임>웹프로그래머> Python"
https://kr.indeed.com/viewjob?jk=006e17961eb8087a,딥러닝 개발인력 - 2021년?춘천시?일자리박람회?참여업체,지오비전 강원도 춘천,,"W 개발 , 의료AI 개발 자격요건 : - 컴퓨터비전 및 딥러닝 이론에 대한 전반적인 이해 - C++ , Python 프로그래밍 가능 기타 : 수습기간 있음 (3개월 이내) [근무시간 및 형태] 주 5일 근무 (오전) 9시..."
https://kr.indeed.com/viewjob?jk=ded8bcea22397699,[Janssen] Data Scientist,Johnson & Johnson Family of Companies 4.2 서울,,"Expertise in one or more programming languages... R, Python or SAS. • Knowledge of relational database architecture..."
https://kr.indeed.com/viewjob?jk=0f7993638aee82bd,Deep Learning Researcher (Intern),Qualcomm Korea YH 서울,,"Adversarial attacks, examples Minimum Qualifications • Python Programming • Deep learning with hands-on experience of deep..."
https://kr.indeed.com/viewjob?jk=abbb8df34c660e0a,"빅데이터, (AI)인공지능 외 신입/경력 인턴 (정규직전환)",스칼라웍스 서울 금천구,,인공지능)>인공지능(AI)|인터넷·IT·통신·모바일·게임>빅데이터·AI(인공지능)>데이터분석|인터넷·IT·통신·모바일·게임>빅데이터·AI(인공지능)> Python|인터넷·IT·통신·모바일·게임>빅데이터·AI(인공지능)>딥러닝
https://kr.indeed.com/viewjob?jk=3ed0cc50114bc7a0,GEDP,GE Appliances 경기도 성남,,using C programming language Scripting languages like Lua/ Python/JavaScript may also be used if needed Support connected...
https://kr.indeed.com/viewjob?jk=efe759316b0fec72,AI/ML 개발 신입(석/박사) 공개채용,LINE 3.8 대한민국,,"보유하신 분 Java, Go, Python, Scala, C/C++ 중... 보유하신 분 (21년 9월 이전 학위 취득 또는 취득 예정이신 분) Python 을 자유롭게 사용하여 통계 분석 및 예측 모델링이 가능하신 분 전문연..."
https://kr.indeed.com/viewjob?jk=e8bbe081133f8cd6,보안분야 경력,LG CNS 3.7 서울,,"정보보호 자격증 보유 ② 네트워크 스캐닝 및 서버OS침투 경험 ③ Python Exploit 작성 가능, 해킹대회 수상 ④ 웹, 모바일앱 등 다양한... SCADA 프로토콜 이해 ③ Python Exploit 작성 가능 상세..."
https://kr.indeed.com/viewjob?jk=246885305fb18dee,[한국자산평가] 경력직원 컨설팅부문,한국자산평가 서울 종로구,,인터넷·IT·통신·모바일·게임>응용프로그래머>C·C++|인터넷·IT·통신·모바일·게임>응용프로그래머> Python|인터넷·IT·통신·모바일·게임>네트워크·서버·보안>Windows계열 서버운영·관리|인터넷·IT·통신·모바일·게임...
https://kr.indeed.com/viewjob?jk=cfc8ccac5b45da66,"Quant Trader : 퀀트, 알고리즘 트레이딩 전문 회사",디에스파트너즈그룹 서울,,리할 수 있는 사람자신 또는 타인의 생각을 긍정적인 방향으로 항상 의심하고 개선할 수 있는 사람아이디어나 논리를 수치적으로 검증하는 능력과 습관이 있는 사람 인터넷·IT·통신·모바일·게임>빅데이터·AI(인공지능)> Python
https://kr.indeed.com/viewjob?jk=387c6b57b19a4825,[다음포털] 카카오 콘텐츠 데이터(엔지니어/사이언티스트/모델러) 모집,카카오 4.0 대한민국,,"및 인사이트 도출 모델 평가를 위한 평가 지표 개발 지원자격 팀 커뮤니케이션이 원활하신 분 R, Python으로 능숙한 프로그래밍이 가능하신 분 TensorFlow/Keras, PyTorch, sklearn, Spark..."
https://kr.indeed.com/viewjob?jk=86946415243e7f5c,한림대성심병원 빅데이터센터 구축 경력직 채용공고,한림대학교성심병원 대한민국,,"Common Data Model 관련 프로젝트 경험자 우대 라. NoSQL, Oracle, Sybase, R, Python 가능자 우대 마. 서버관리/정보보안, 텍스트마이닝 경험자 우대 - 담당업무 가. 데이터 레이크/데이..."
https://kr.indeed.com/viewjob?jk=b95d00f1145e5ef3,(광주취업맛집1위)2021년도 국비 기술교육생,대한상공회의소 광주인력개발원 광주 광산구,,통신·모바일·게임>빅데이터·AI(인공지능)>데이터분석|인터넷·IT·통신·모바일·게임>빅데이터·AI(인공지능)> Python|인터넷·IT·통신·모바일·게임>빅데이터·AI(인공지능)>머신러닝|인터넷·IT·통신·모바일·게임>빅데이터...
https://kr.indeed.com/viewjob?jk=070aa25a918d37ee,크립토랩 정규직,크립토랩 서울 관악구,,모집 기간 : 2021년 7월 4일(일) 23:59까지 이메일 제출- 자세한 내용은 첨부된 파일을 참조해주세요. 인터넷·IT·통신·모바일·게임>응용프로그래머>C·C++|인터넷·IT·통신·모바일·게임>응용프로그래머> Python
https://kr.indeed.com/viewjob?jk=c130ad24ffc25b72,기술연구소 (AI연구 및 Python개발 / 드론 영상처리),선영종합엔지니어링 고양 덕양구,,어링 기술연구소 (AI연구 및 Python개발 / 드론 영상처리) 채용 4... 프로그래밍 ㆍBig Data 활용 및 Smart plant ㆍR 및 Python 기반 프로그램 개발 ㆍ정부출연사업 제안서 작성 [근무부서 및 직급...
https://kr.indeed.com/viewjob?jk=0bed88ef176697fd,서버/스토리지 운영 담당자 (~6/27),현대차증권 대한민국,,"운영 경력 7년 이상 * 우대요건 - 금융회사 서버 인프라 운영 경험자 우대 - 스크립트(Perl, Python), 개발언어(C, Java) 작성 가능자 - 오픈소스, 미들웨어, 데이터베이스 운영 경험자 * 공통지원..."
https://kr.indeed.com/viewjob?jk=63bd0323ac917d78,[아이콘트롤스] 2020년 경력 직원 (기술연구소) 연구개발부문,HDC아이콘트롤스 성남 분당구,,"자격요건>(필수)- 데이터 엔지니어 경력 3년 이상- 프로그램 개발( Python, Java) 능력 보유- 대용량 데이 인터넷·IT·통신·모바일·게임... 통신·모바일·게임>웹프로그래머> Python|인터넷·IT·통신·모바일·게임..."
https://kr.indeed.com/viewjob?jk=2b9e604e63e7e46d,[카카오커머스] 기술직군,카카오커머스 성남 분당구,,"우대사항 - 전자금융 감독규정, PCIDSS에 대한 실무 경험이나 이해도가 높으신 분 - JAVA, Python, shell script 등 개발 역량을 갖추신 분 - 웹/앱 취약점 진단 및 모의해킹 역량을 갖추신..."
https://kr.indeed.com/viewjob?jk=754be9e3d78fa802,2021년 상반기 R&D 개발자 (병역특례 가능/경력 무관),네오스텍 인천 연수구,,"담당업무: - 블루투스 메시 기반 위치 추적 솔루션 개발 - 상기 솔루션의 임베디드 펌웨어 개발 - C(필수), Python, Javascript 프로그래밍 언어 사용 - 기술 지원 [자격요건] 경력사항: 무관 (신입도 지원..."
https://kr.indeed.com/viewjob?jk=61d00e18b537cab2,[단기계약직] NLP 서비스 프로토타입 개발을 위한 엔지니어 모집,엔씨소프트 2.7 성남 판교역,,"졸업생, 졸업 예정자 가능 - Python을 이용하여 개발 가능한 분 우대... 개발 능력 - 자연어처리 (NLP) 관련 프로젝트 경험 있으신 분 - Python, Java 등을 이용하여 NLP 기술을 구현 가능한 분 제출서류..."
https://kr.indeed.com/viewjob?jk=bfe0f5ac4f32ec89,추천 통계분석/데이터사이언티스트,카카오 4.0 성남 판교역,,"통계, 수학 관련 분야의 석사 또는 박사 학위 소지자 숙련된 데이터분석 능력 데이터 사이언스를 위한 언어( Python/R) 를 하나 이상 능숙하게 다룰 수 있으신 분 분석 결과를 설득력있게 전달할 수 있는 분 우대사항..."
https://kr.indeed.com/viewjob?jk=1e974ff27c6eb340,Autonomous Driving 분야 엔지니어,포티투닷 서울 강남구,,"프로그래밍 기술 (C/C++, Python 등) - 이동 로봇/드론 관련... platform 개발 경험 - 뛰어난 프로그래밍 기술 (C/C++, Python) - 3D geometry, math, physics 관련 경험 및..."
https://kr.indeed.com/viewjob?jk=e5448ffc7d6ecf02,FPGA 플랫폼 엔지니어 (딥러닝 하드웨어 프로세서 개발),딥엑스 성남 분당구,"연봉 40,000,000원 - 100,000,000원","사용 경험(Chip Scope/SignalTap) - Language: Python/Perl, C/C++ - Vivado 또는 Synplify 또는... SignalTap) - Language: Python/Perl, C/C++..."
https://kr.indeed.com/viewjob?jk=c6cbe4d8dd9afcb1,사내 및 서비스 보안 담당자 (경력),네오위즈 대한민국,,"있는 분 - IDS / IPS 패턴 분석 및 Rule 개발 경력이 있는 분 - 각종 스크립트 언어(Perl, Python, shell script 등)의 활용 능력을 갖춘 분 모집기간 채용시 마감 고용형태 정규직"
https://kr.indeed.com/viewjob?jk=e8357ad347ec5766,데이터 분석,녹십자헬스케어 서울 영등포구,,"2. 3년 이상 경력 3. Data 분석 관련 직무 유 경험자4. 통계, 분석 관련 업무 지식 및 능력5. Python, JMP 등 통계/분석 프로그램을 다룰 수 있는 능력 인터넷·IT·통신·모바일·게임>빅데이터·AI(인공지..."
https://kr.indeed.com/viewjob?jk=4698c0e2364b5576,[넥슨·엔씨소프트등] 자바·파이썬 응용SW 개발자 양성교육 · 동종업계...,한국직업전문학교 서울 구로구,,통신·모바일·게임>응용프로그래머> Python|인터넷·IT·통신·모바일·게임... 웹프로그래머> Python|인터넷·IT·통신·모바일·게임>웹프로그래머>웹개발|인터넷·IT·통신·모바일·게임>빅데이터·AI(인공지능)> Python|인터넷...
https://kr.indeed.com/viewjob?jk=de1dab43d7a681ba,웹개발자 - PHP/MYSQL/PYTHON,마이랩스 서울 마포구,"월급 2,200,000원 - 2,400,000원",지원자격 경력 신입·경력 학력 - 성별 무관 기타 담당업무 PHP / MYSQL 을 기본으로 하는 웹 개발 업무 회원가입 / 게시판 연동 등의 기본 데이터베이스 스키마 설계 사이트 분석 및 유지보수 등을 기본 업무로 합니다...
https://kr.indeed.com/viewjob?jk=7d155eed9eceae77,[빅데이터 분석] 인턴,레드테이블 서울 종로구,"월급 2,000,000원","음식.관광 분야에 배경지식을 갖추신 분 Python, R, SQL, 통계프로그램... 서서류전형, 면접전형/ 우대사항음식.관광 분야에 배경지식을 갖추신 분 Python, R, SQL, 통계프로그램 등을 활용하여 데이터 정제, 분석, 모델..."
https://kr.indeed.com/viewjob?jk=e36b281df2933890,[위메프서비스] E-Commerce 데이터엔지니어/NLP개발자(정규직),위메프 2.8 대한민국,,개발 경력 3년 이상 - 분산파일 시스템 Hadoop 및 Spark 경험이 있는 분 - Java 및 Python 개발 능력을 보유한 분(중급 이상) - Hadoop Ecosysterm 운영 및 유지보수 경험이 있는 분...
https://kr.indeed.com/viewjob?jk=508842f94e68d789,시스템 엔지니어,한국쓰리엠 5.0 전라남도,,"엔지니어 모집부문 및 자격요건 담당업무 자격요건 근무지 [담당업무]공장제어 시스템 운영 및 개발 C#, Python, or Java 중 1개 이상 활용 가능자 [자격요건]경력사항: 신입, 경력(5년 이상 )학력사항: 대학교..."
